{
  "indexes": [
    {
      "collectionGroup": "quizzes",
      "queryScope": "COLLECTION",
      "fields": [
        { "fieldPath": "isPublic", "order": "ASCENDING" },
        { "fieldPath": "subject", "order": "ASCENDING" },
        { "fieldPath": "createdAt", "order": "DESCENDING" }
      ]
    },
    {
      "collectionGroup": "quizzes",
      "queryScope": "COLLECTION",
      "fields": [
        { "fieldPath": "isPublic", "order": "ASCENDING" },
        { "fieldPath": "grade", "order": "ASCENDING" },
        { "fieldPath": "createdAt", "order": "DESCENDING" }
      ]
    },
    {
      "collectionGroup": "quizzes",
      "queryScope": "COLLECTION",
      "fields": [
        { "fieldPath": "isPublic", "order": "ASCENDING" },
        { "fieldPath": "difficulty", "order": "ASCENDING" },
        { "fieldPath": "createdAt", "order": "DESCENDING" }
      ]
    },
    {
      "collectionGroup": "quiz_attempts",
      "queryScope": "COLLECTION",
      "fields": [
        { "fieldPath": "userId", "order": "ASCENDING" },
        { "fieldPath": "startTime", "order": "DESCENDING" }
      ]
    },
    {
      "collectionGroup": "quiz_attempts",
      "queryScope": "COLLECTION",
      "fields": [
        { "fieldPath": "userId", "order": "ASCENDING" },
        { "fieldPath": "quizId", "order": "ASCENDING" },
        { "fieldPath": "startTime", "order": "DESCENDING" }
      ]
    },
    {
      "collectionGroup": "leaderboards",
      "queryScope": "COLLECTION",
      "fields": [
        { "fieldPath": "period", "order": "ASCENDING" },
        { "fieldPath": "score", "order": "DESCENDING" }
      ]
    },
    {
      "collectionGroup": "leaderboards",
      "queryScope": "COLLECTION",
      "fields": [
        { "fieldPath": "period", "order": "ASCENDING" },
        { "fieldPath": "subject", "order": "ASCENDING" },
        { "fieldPath": "score", "order": "DESCENDING" }
      ]
    },
    {
      "collectionGroup": "study_materials",
      "queryScope": "COLLECTION",
      "fields": [
        { "fieldPath": "isPublic", "order": "ASCENDING" },
        { "fieldPath": "subject", "order": "ASCENDING" },
        { "fieldPath": "createdAt", "order": "DESCENDING" }
      ]
    },
    {
      "collectionGroup": "study_materials",
      "queryScope": "COLLECTION",
      "fields": [
        { "fieldPath": "isPublic", "order": "ASCENDING" },
        { "fieldPath": "grade", "order": "ASCENDING" },
        { "fieldPath": "createdAt", "order": "DESCENDING" }
      ]
    },
    {
      "collectionGroup": "study_materials",
      "queryScope": "COLLECTION",
      "fields": [
        { "fieldPath": "isPublic", "order": "ASCENDING" },
        { "fieldPath": "type", "order": "ASCENDING" },
        { "fieldPath": "createdAt", "order": "DESCENDING" }
      ]
    },
    {
      "collectionGroup": "notifications",
      "queryScope": "COLLECTION",
      "fields": [
        { "fieldPath": "userId", "order": "ASCENDING" },
        { "fieldPath": "createdAt", "order": "DESCENDING" }
      ]
    },
    {
      "collectionGroup": "notifications",
      "queryScope": "COLLECTION",
      "fields": [
        { "fieldPath": "userId", "order": "ASCENDING" },
        { "fieldPath": "read", "order": "ASCENDING" },
        { "fieldPath": "createdAt", "order": "DESCENDING" }
      ]
    },
    {
      "collectionGroup": "payments",
      "queryScope": "COLLECTION",
      "fields": [
        { "fieldPath": "userId", "order": "ASCENDING" },
        { "fieldPath": "createdAt", "order": "DESCENDING" }
      ]
    },
    {
      "collectionGroup": "payments",
      "queryScope": "COLLECTION",
      "fields": [
        { "fieldPath": "userId", "order": "ASCENDING" },
        { "fieldPath": "status", "order": "ASCENDING" },
        { "fieldPath": "createdAt", "order": "DESCENDING" }
      ]
    }
  ],
  "fieldOverrides": [
    {
      "collectionGroup": "users",
      "fieldPath": "email",
      "indexes": [
        {
          "order": "ASCENDING",
          "queryScope": "COLLECTION"
        }
      ]
    },
    {
      "collectionGroup": "quizzes",
      "fieldPath": "tags",
      "indexes": [
        {
          "arrayConfig": "CONTAINS",
          "queryScope": "COLLECTION"
        }
      ]
    },
    {
      "collectionGroup": "study_materials",
      "fieldPath": "tags",
      "indexes": [
        {
          "arrayConfig": "CONTAINS",
          "queryScope": "COLLECTION"
        }
      ]
    }
  ]
}