[{"id":"ASSETS-1","content":"Search for and identify missing image references in code","status":"completed","priority":"high"},{"id":"ASSETS-2","content":"Add essential UI images (quiz backgrounds, icons, illustrations)","status":"completed","priority":"high"},{"id":"ASSETS-3","content":"Add educational content images (quiz illustrations, achievement badges)","status":"completed","priority":"medium"},{"id":"ASSETS-4","content":"Add social media and branding assets","status":"completed","priority":"medium"},{"id":"ASSETS-5","content":"Optimize existing assets for web performance","status":"completed","priority":"low"}]