{
  "setInfo": {
    "id": 3,
    "name": "SET 3",
    "subject": "Mathematics",
    "chapter": "Algebra Fundamentals", 
    "description": "Advanced problems and applications",
    "difficulty": "hard",
    "totalQuestions": 30,
    "timeEstimate": "25 min"
  },
  "questions": [
    {
      "id": 1,
      "question": "Solve: 3x² - 12x + 9 = 0",
      "options": [
        "x = 1, x = 3",
        "x = 2, x = 4",
        "x = 0, x = 4", 
        "x = 1, x = 9"
      ],
      "correctAnswer": 0,
      "explanation": "Factor out 3: 3(x² - 4x + 3) = 0, then factor: 3(x - 1)(x - 3) = 0, so x = 1 or x = 3",
      "difficulty": "hard"
    },
    {
      "id": 2,
      "question": "If f(x) = 2x² - 3x + 1, find f(2)",
      "options": [
        "3",
        "5",
        "7",
        "9"
      ],
      "correctAnswer": 0,
      "explanation": "Substitute x = 2: f(2) = 2(2)² - 3(2) + 1 = 8 - 6 + 1 = 3",
      "difficulty": "hard"
    }
  ]
}